"","N","A1_unstable","A1_stable","A2_unstable","A2_stable","A3_unstable","A3_stable","A4_unstable","A4_stable","A5_unstable","A5_stable","A6_unstable","A6_stable","A7_unstable","A7_stable","A2_stabilised","A2_destabilised","A3_stabilised","A3_destabilised","A4_stabilised","A4_destabilised","A5_stabilised","A5_destabilised","A6_stabilised","A6_destabilised","A7_stabilised","A7_destabilised","A1_infeasible","A1_feasible","A2_infeasible","A2_feasible","A3_infeasible","A3_feasible","A4_infeasible","A4_feasible","A5_infeasible","A5_feasible","A6_infeasible","A6_feasible","A7_infeasible","A7_feasible","A2_made_feasible","A2_made_infeasible","A3_made_feasible","A3_made_infeasible","A4_made_feasible","A4_made_infeasible","A5_made_feasible","A5_made_infeasible","A6_made_feasible","A6_made_infeasible","A7_made_feasible","A7_made_infeasible"
"1",2,47,99953,47,99953,47,99953,47,99953,47,99953,47,99953,47,99953,0,0,0,0,0,0,0,0,0,0,0,0,65886,34114,65813,34187,65832,34168,65883,34117,65848,34152,65870,34130,65792,34208,493,618,570,432,599,624,420,564,567,394,583,530
"2",3,3297,96703,3297,96703,3297,96703,3297,96703,3297,96703,3297,96703,3297,96703,0,0,0,0,0,0,0,0,0,0,0,0,66813,33187,66785,33215,66683,33317,66760,33240,66743,33257,66807,33193,66806,33194,875,1022,966,845,922,941,847,892,913,775,916,934
"3",4,34147,65853,34147,65853,34147,65853,34147,65853,34147,65853,34147,65853,34147,65853,0,0,0,0,0,0,0,0,0,0,0,0,61560,38440,61527,38473,61567,38433,61584,38416,61534,38466,61532,38468,61607,38393,1203,1182,1170,1066,1252,1155,1170,1189,1194,1040,1224,1202
"4",5,86740,13260,86740,13260,86740,13260,86740,13260,86740,13260,86740,13260,86740,13260,0,0,0,0,0,0,0,0,0,0,0,0,69950,30050,69853,30147,69991,30009,69969,30031,70034,29966,69920,30080,69944,30056,1068,1050,1052,985,1121,1087,971,1091,1071,1069,1091,1081
"5",6,99667,333,99667,333,99667,333,99667,333,99667,333,99667,333,99667,333,0,0,0,0,0,0,0,0,0,0,0,0,87735,12265,87744,12256,87805,12195,87778,12222,87817,12183,87777,12223,87775,12225,738,720,690,678,709,714,747,790,733,760,751,754
"6",7,99998,2,99998,2,99998,2,99998,2,99998,2,99998,2,99998,2,0,0,0,0,0,0,0,0,0,0,0,0,97010,2990,97044,2956,97080,2920,96990,3010,97008,2992,96973,3027,97005,2995,354,325,376,379,400,371,388,395,356,377,363,366
"7",8,1e+05,0,1e+05,0,1e+05,0,1e+05,0,1e+05,0,1e+05,0,1e+05,0,0,0,0,0,0,0,0,0,0,0,0,0,99385,615,99391,609,99407,593,99395,605,99393,607,99386,614,99375,625,133,128,130,141,138,134,139,150,140,149,139,124
"8",9,1e+05,0,1e+05,0,1e+05,0,1e+05,0,1e+05,0,1e+05,0,1e+05,0,0,0,0,0,0,0,0,0,0,0,0,0,99906,94,99915,85,99923,77,99909,91,99903,97,99911,89,99908,92,26,20,21,27,28,23,35,37,24,24,33,25
"9",10,1e+05,0,1e+05,0,1e+05,0,1e+05,0,1e+05,0,1e+05,0,1e+05,0,0,0,0,0,0,0,0,0,0,0,0,0,99981,19,99982,18,99986,14,99985,15,99983,17,99989,11,99984,16,4,3,2,2,1,4,5,8,6,4,9,7
"10",11,1e+05,0,1e+05,0,1e+05,0,1e+05,0,1e+05,0,1e+05,0,1e+05,0,0,0,0,0,0,0,0,0,0,0,0,0,99997,3,99999,1,99998,2,99998,2,99997,3,99997,3,99997,3,0,0,0,0,0,0,2,1,1,0,0,0
"11",12,1e+05,0,1e+05,0,1e+05,0,1e+05,0,1e+05,0,1e+05,0,1e+05,0,0,0,0,0,0,0,0,0,0,0,0,0,1e+05,0,1e+05,0,1e+05,0,1e+05,0,1e+05,0,1e+05,0,1e+05,0,0,0,0,0,0,0,0,0,0,0,0,0
"12",13,1e+05,0,1e+05,0,1e+05,0,1e+05,0,1e+05,0,1e+05,0,1e+05,0,0,0,0,0,0,0,0,0,0,0,0,0,1e+05,0,1e+05,0,1e+05,0,1e+05,0,1e+05,0,1e+05,0,1e+05,0,0,0,0,0,0,0,0,0,0,0,0,0
"13",14,1e+05,0,1e+05,0,1e+05,0,1e+05,0,1e+05,0,1e+05,0,1e+05,0,0,0,0,0,0,0,0,0,0,0,0,0,1e+05,0,1e+05,0,1e+05,0,1e+05,0,1e+05,0,1e+05,0,1e+05,0,0,0,0,0,0,0,0,0,0,0,0,0
"14",15,1e+05,0,1e+05,0,1e+05,0,1e+05,0,1e+05,0,1e+05,0,1e+05,0,0,0,0,0,0,0,0,0,0,0,0,0,1e+05,0,1e+05,0,1e+05,0,1e+05,0,1e+05,0,1e+05,0,1e+05,0,0,0,0,0,0,0,0,0,0,0,0,0
"15",16,1e+05,0,1e+05,0,1e+05,0,1e+05,0,1e+05,0,1e+05,0,1e+05,0,0,0,0,0,0,0,0,0,0,0,0,0,1e+05,0,1e+05,0,1e+05,0,1e+05,0,1e+05,0,1e+05,0,1e+05,0,0,0,0,0,0,0,0,0,0,0,0,0
"16",17,1e+05,0,1e+05,0,1e+05,0,1e+05,0,1e+05,0,1e+05,0,1e+05,0,0,0,0,0,0,0,0,0,0,0,0,0,1e+05,0,1e+05,0,1e+05,0,1e+05,0,1e+05,0,1e+05,0,1e+05,0,0,0,0,0,0,0,0,0,0,0,0,0
"17",18,1e+05,0,1e+05,0,1e+05,0,1e+05,0,1e+05,0,1e+05,0,1e+05,0,0,0,0,0,0,0,0,0,0,0,0,0,1e+05,0,1e+05,0,1e+05,0,1e+05,0,1e+05,0,1e+05,0,1e+05,0,0,0,0,0,0,0,0,0,0,0,0,0
"18",19,1e+05,0,1e+05,0,1e+05,0,1e+05,0,1e+05,0,1e+05,0,1e+05,0,0,0,0,0,0,0,0,0,0,0,0,0,1e+05,0,1e+05,0,1e+05,0,1e+05,0,1e+05,0,1e+05,0,1e+05,0,0,0,0,0,0,0,0,0,0,0,0,0
"19",20,1e+05,0,1e+05,0,1e+05,0,1e+05,0,1e+05,0,1e+05,0,1e+05,0,0,0,0,0,0,0,0,0,0,0,0,0,1e+05,0,1e+05,0,1e+05,0,1e+05,0,1e+05,0,1e+05,0,1e+05,0,0,0,0,0,0,0,0,0,0,0,0,0
"20",21,1e+05,0,1e+05,0,1e+05,0,1e+05,0,1e+05,0,1e+05,0,1e+05,0,0,0,0,0,0,0,0,0,0,0,0,0,1e+05,0,1e+05,0,1e+05,0,1e+05,0,1e+05,0,1e+05,0,1e+05,0,0,0,0,0,0,0,0,0,0,0,0,0
"21",22,1e+05,0,1e+05,0,1e+05,0,1e+05,0,1e+05,0,1e+05,0,1e+05,0,0,0,0,0,0,0,0,0,0,0,0,0,1e+05,0,1e+05,0,1e+05,0,1e+05,0,1e+05,0,1e+05,0,1e+05,0,0,0,0,0,0,0,0,0,0,0,0,0
"22",23,1e+05,0,1e+05,0,1e+05,0,1e+05,0,1e+05,0,1e+05,0,1e+05,0,0,0,0,0,0,0,0,0,0,0,0,0,1e+05,0,1e+05,0,1e+05,0,1e+05,0,1e+05,0,1e+05,0,1e+05,0,0,0,0,0,0,0,0,0,0,0,0,0
"23",24,1e+05,0,1e+05,0,1e+05,0,1e+05,0,1e+05,0,1e+05,0,1e+05,0,0,0,0,0,0,0,0,0,0,0,0,0,1e+05,0,1e+05,0,1e+05,0,1e+05,0,1e+05,0,1e+05,0,1e+05,0,0,0,0,0,0,0,0,0,0,0,0,0
"24",25,1e+05,0,1e+05,0,1e+05,0,1e+05,0,1e+05,0,1e+05,0,1e+05,0,0,0,0,0,0,0,0,0,0,0,0,0,1e+05,0,1e+05,0,1e+05,0,1e+05,0,1e+05,0,1e+05,0,1e+05,0,0,0,0,0,0,0,0,0,0,0,0,0
"25",26,1e+05,0,1e+05,0,1e+05,0,1e+05,0,1e+05,0,1e+05,0,1e+05,0,0,0,0,0,0,0,0,0,0,0,0,0,1e+05,0,1e+05,0,1e+05,0,1e+05,0,1e+05,0,1e+05,0,1e+05,0,0,0,0,0,0,0,0,0,0,0,0,0
"26",27,1e+05,0,1e+05,0,1e+05,0,1e+05,0,1e+05,0,1e+05,0,1e+05,0,0,0,0,0,0,0,0,0,0,0,0,0,1e+05,0,1e+05,0,1e+05,0,1e+05,0,1e+05,0,1e+05,0,1e+05,0,0,0,0,0,0,0,0,0,0,0,0,0
"27",28,1e+05,0,1e+05,0,1e+05,0,1e+05,0,1e+05,0,1e+05,0,1e+05,0,0,0,0,0,0,0,0,0,0,0,0,0,1e+05,0,1e+05,0,1e+05,0,1e+05,0,1e+05,0,1e+05,0,1e+05,0,0,0,0,0,0,0,0,0,0,0,0,0
"28",29,1e+05,0,1e+05,0,1e+05,0,1e+05,0,1e+05,0,1e+05,0,1e+05,0,0,0,0,0,0,0,0,0,0,0,0,0,1e+05,0,1e+05,0,1e+05,0,1e+05,0,1e+05,0,1e+05,0,1e+05,0,0,0,0,0,0,0,0,0,0,0,0,0
"29",30,1e+05,0,1e+05,0,1e+05,0,1e+05,0,1e+05,0,1e+05,0,1e+05,0,0,0,0,0,0,0,0,0,0,0,0,0,1e+05,0,1e+05,0,1e+05,0,1e+05,0,1e+05,0,1e+05,0,1e+05,0,0,0,0,0,0,0,0,0,0,0,0,0
"30",31,1e+05,0,1e+05,0,1e+05,0,1e+05,0,1e+05,0,1e+05,0,1e+05,0,0,0,0,0,0,0,0,0,0,0,0,0,1e+05,0,1e+05,0,1e+05,0,1e+05,0,1e+05,0,1e+05,0,1e+05,0,0,0,0,0,0,0,0,0,0,0,0,0
"31",32,1e+05,0,1e+05,0,1e+05,0,1e+05,0,1e+05,0,1e+05,0,1e+05,0,0,0,0,0,0,0,0,0,0,0,0,0,1e+05,0,1e+05,0,1e+05,0,1e+05,0,1e+05,0,1e+05,0,1e+05,0,0,0,0,0,0,0,0,0,0,0,0,0
"32",33,1e+05,0,1e+05,0,1e+05,0,1e+05,0,1e+05,0,1e+05,0,1e+05,0,0,0,0,0,0,0,0,0,0,0,0,0,1e+05,0,1e+05,0,1e+05,0,1e+05,0,1e+05,0,1e+05,0,1e+05,0,0,0,0,0,0,0,0,0,0,0,0,0
"33",34,1e+05,0,1e+05,0,1e+05,0,1e+05,0,1e+05,0,1e+05,0,1e+05,0,0,0,0,0,0,0,0,0,0,0,0,0,1e+05,0,1e+05,0,1e+05,0,1e+05,0,1e+05,0,1e+05,0,1e+05,0,0,0,0,0,0,0,0,0,0,0,0,0
"34",35,1e+05,0,1e+05,0,1e+05,0,1e+05,0,1e+05,0,1e+05,0,1e+05,0,0,0,0,0,0,0,0,0,0,0,0,0,1e+05,0,1e+05,0,1e+05,0,1e+05,0,1e+05,0,1e+05,0,1e+05,0,0,0,0,0,0,0,0,0,0,0,0,0
"35",36,1e+05,0,1e+05,0,1e+05,0,1e+05,0,1e+05,0,1e+05,0,1e+05,0,0,0,0,0,0,0,0,0,0,0,0,0,1e+05,0,1e+05,0,1e+05,0,1e+05,0,1e+05,0,1e+05,0,1e+05,0,0,0,0,0,0,0,0,0,0,0,0,0
"36",37,1e+05,0,1e+05,0,1e+05,0,1e+05,0,1e+05,0,1e+05,0,1e+05,0,0,0,0,0,0,0,0,0,0,0,0,0,1e+05,0,1e+05,0,1e+05,0,1e+05,0,1e+05,0,1e+05,0,1e+05,0,0,0,0,0,0,0,0,0,0,0,0,0
"37",38,1e+05,0,1e+05,0,1e+05,0,1e+05,0,1e+05,0,1e+05,0,1e+05,0,0,0,0,0,0,0,0,0,0,0,0,0,1e+05,0,1e+05,0,1e+05,0,1e+05,0,1e+05,0,1e+05,0,1e+05,0,0,0,0,0,0,0,0,0,0,0,0,0
"38",39,1e+05,0,1e+05,0,1e+05,0,1e+05,0,1e+05,0,1e+05,0,1e+05,0,0,0,0,0,0,0,0,0,0,0,0,0,1e+05,0,1e+05,0,1e+05,0,1e+05,0,1e+05,0,1e+05,0,1e+05,0,0,0,0,0,0,0,0,0,0,0,0,0
"39",40,1e+05,0,1e+05,0,1e+05,0,1e+05,0,1e+05,0,1e+05,0,1e+05,0,0,0,0,0,0,0,0,0,0,0,0,0,1e+05,0,1e+05,0,1e+05,0,1e+05,0,1e+05,0,1e+05,0,1e+05,0,0,0,0,0,0,0,0,0,0,0,0,0
"40",41,1e+05,0,1e+05,0,1e+05,0,1e+05,0,1e+05,0,1e+05,0,1e+05,0,0,0,0,0,0,0,0,0,0,0,0,0,1e+05,0,1e+05,0,1e+05,0,1e+05,0,1e+05,0,1e+05,0,1e+05,0,0,0,0,0,0,0,0,0,0,0,0,0
"41",42,1e+05,0,1e+05,0,1e+05,0,1e+05,0,1e+05,0,1e+05,0,1e+05,0,0,0,0,0,0,0,0,0,0,0,0,0,1e+05,0,1e+05,0,1e+05,0,1e+05,0,1e+05,0,1e+05,0,1e+05,0,0,0,0,0,0,0,0,0,0,0,0,0
"42",43,1e+05,0,1e+05,0,1e+05,0,1e+05,0,1e+05,0,1e+05,0,1e+05,0,0,0,0,0,0,0,0,0,0,0,0,0,1e+05,0,1e+05,0,1e+05,0,1e+05,0,1e+05,0,1e+05,0,1e+05,0,0,0,0,0,0,0,0,0,0,0,0,0
"43",44,1e+05,0,1e+05,0,1e+05,0,1e+05,0,1e+05,0,1e+05,0,1e+05,0,0,0,0,0,0,0,0,0,0,0,0,0,1e+05,0,1e+05,0,1e+05,0,1e+05,0,1e+05,0,1e+05,0,1e+05,0,0,0,0,0,0,0,0,0,0,0,0,0
"44",45,1e+05,0,1e+05,0,1e+05,0,1e+05,0,1e+05,0,1e+05,0,1e+05,0,0,0,0,0,0,0,0,0,0,0,0,0,1e+05,0,1e+05,0,1e+05,0,1e+05,0,1e+05,0,1e+05,0,1e+05,0,0,0,0,0,0,0,0,0,0,0,0,0
"45",46,1e+05,0,1e+05,0,1e+05,0,1e+05,0,1e+05,0,1e+05,0,1e+05,0,0,0,0,0,0,0,0,0,0,0,0,0,1e+05,0,1e+05,0,1e+05,0,1e+05,0,1e+05,0,1e+05,0,1e+05,0,0,0,0,0,0,0,0,0,0,0,0,0
"46",47,1e+05,0,1e+05,0,1e+05,0,1e+05,0,1e+05,0,1e+05,0,1e+05,0,0,0,0,0,0,0,0,0,0,0,0,0,1e+05,0,1e+05,0,1e+05,0,1e+05,0,1e+05,0,1e+05,0,1e+05,0,0,0,0,0,0,0,0,0,0,0,0,0
"47",48,1e+05,0,1e+05,0,1e+05,0,1e+05,0,1e+05,0,1e+05,0,1e+05,0,0,0,0,0,0,0,0,0,0,0,0,0,1e+05,0,1e+05,0,1e+05,0,1e+05,0,1e+05,0,1e+05,0,1e+05,0,0,0,0,0,0,0,0,0,0,0,0,0
"48",49,1e+05,0,1e+05,0,1e+05,0,1e+05,0,1e+05,0,1e+05,0,1e+05,0,0,0,0,0,0,0,0,0,0,0,0,0,1e+05,0,1e+05,0,1e+05,0,1e+05,0,1e+05,0,1e+05,0,1e+05,0,0,0,0,0,0,0,0,0,0,0,0,0
"49",50,1e+05,0,1e+05,0,1e+05,0,1e+05,0,1e+05,0,1e+05,0,1e+05,0,0,0,0,0,0,0,0,0,0,0,0,0,1e+05,0,1e+05,0,1e+05,0,1e+05,0,1e+05,0,1e+05,0,1e+05,0,0,0,0,0,0,0,0,0,0,0,0,0
"50",51,1e+05,0,1e+05,0,1e+05,0,1e+05,0,1e+05,0,1e+05,0,1e+05,0,0,0,0,0,0,0,0,0,0,0,0,0,1e+05,0,1e+05,0,1e+05,0,1e+05,0,1e+05,0,1e+05,0,1e+05,0,0,0,0,0,0,0,0,0,0,0,0,0
"51",52,1e+05,0,1e+05,0,1e+05,0,1e+05,0,1e+05,0,1e+05,0,1e+05,0,0,0,0,0,0,0,0,0,0,0,0,0,1e+05,0,1e+05,0,1e+05,0,1e+05,0,1e+05,0,1e+05,0,1e+05,0,0,0,0,0,0,0,0,0,0,0,0,0
"52",53,1e+05,0,1e+05,0,1e+05,0,1e+05,0,1e+05,0,1e+05,0,1e+05,0,0,0,0,0,0,0,0,0,0,0,0,0,1e+05,0,1e+05,0,1e+05,0,1e+05,0,1e+05,0,1e+05,0,1e+05,0,0,0,0,0,0,0,0,0,0,0,0,0
"53",54,1e+05,0,1e+05,0,1e+05,0,1e+05,0,1e+05,0,1e+05,0,1e+05,0,0,0,0,0,0,0,0,0,0,0,0,0,1e+05,0,1e+05,0,1e+05,0,1e+05,0,1e+05,0,1e+05,0,1e+05,0,0,0,0,0,0,0,0,0,0,0,0,0
"54",55,1e+05,0,1e+05,0,1e+05,0,1e+05,0,1e+05,0,1e+05,0,1e+05,0,0,0,0,0,0,0,0,0,0,0,0,0,1e+05,0,1e+05,0,1e+05,0,1e+05,0,1e+05,0,1e+05,0,1e+05,0,0,0,0,0,0,0,0,0,0,0,0,0
"55",56,1e+05,0,1e+05,0,1e+05,0,1e+05,0,1e+05,0,1e+05,0,1e+05,0,0,0,0,0,0,0,0,0,0,0,0,0,1e+05,0,1e+05,0,1e+05,0,1e+05,0,1e+05,0,1e+05,0,1e+05,0,0,0,0,0,0,0,0,0,0,0,0,0
"56",57,1e+05,0,1e+05,0,1e+05,0,1e+05,0,1e+05,0,1e+05,0,1e+05,0,0,0,0,0,0,0,0,0,0,0,0,0,1e+05,0,1e+05,0,1e+05,0,1e+05,0,1e+05,0,1e+05,0,1e+05,0,0,0,0,0,0,0,0,0,0,0,0,0
"57",58,1e+05,0,1e+05,0,1e+05,0,1e+05,0,1e+05,0,1e+05,0,1e+05,0,0,0,0,0,0,0,0,0,0,0,0,0,1e+05,0,1e+05,0,1e+05,0,1e+05,0,1e+05,0,1e+05,0,1e+05,0,0,0,0,0,0,0,0,0,0,0,0,0
"58",59,1e+05,0,1e+05,0,1e+05,0,1e+05,0,1e+05,0,1e+05,0,1e+05,0,0,0,0,0,0,0,0,0,0,0,0,0,1e+05,0,1e+05,0,1e+05,0,1e+05,0,1e+05,0,1e+05,0,1e+05,0,0,0,0,0,0,0,0,0,0,0,0,0
"59",60,1e+05,0,1e+05,0,1e+05,0,1e+05,0,1e+05,0,1e+05,0,1e+05,0,0,0,0,0,0,0,0,0,0,0,0,0,1e+05,0,1e+05,0,1e+05,0,1e+05,0,1e+05,0,1e+05,0,1e+05,0,0,0,0,0,0,0,0,0,0,0,0,0
"60",61,1e+05,0,1e+05,0,1e+05,0,1e+05,0,1e+05,0,1e+05,0,1e+05,0,0,0,0,0,0,0,0,0,0,0,0,0,1e+05,0,1e+05,0,1e+05,0,1e+05,0,1e+05,0,1e+05,0,1e+05,0,0,0,0,0,0,0,0,0,0,0,0,0
"61",62,1e+05,0,1e+05,0,1e+05,0,1e+05,0,1e+05,0,1e+05,0,1e+05,0,0,0,0,0,0,0,0,0,0,0,0,0,1e+05,0,1e+05,0,1e+05,0,1e+05,0,1e+05,0,1e+05,0,1e+05,0,0,0,0,0,0,0,0,0,0,0,0,0
"62",63,1e+05,0,1e+05,0,1e+05,0,1e+05,0,1e+05,0,1e+05,0,1e+05,0,0,0,0,0,0,0,0,0,0,0,0,0,1e+05,0,1e+05,0,1e+05,0,1e+05,0,1e+05,0,1e+05,0,1e+05,0,0,0,0,0,0,0,0,0,0,0,0,0
"63",64,1e+05,0,1e+05,0,1e+05,0,1e+05,0,1e+05,0,1e+05,0,1e+05,0,0,0,0,0,0,0,0,0,0,0,0,0,1e+05,0,1e+05,0,1e+05,0,1e+05,0,1e+05,0,1e+05,0,1e+05,0,0,0,0,0,0,0,0,0,0,0,0,0
"64",65,1e+05,0,1e+05,0,1e+05,0,1e+05,0,1e+05,0,1e+05,0,1e+05,0,0,0,0,0,0,0,0,0,0,0,0,0,1e+05,0,1e+05,0,1e+05,0,1e+05,0,1e+05,0,1e+05,0,1e+05,0,0,0,0,0,0,0,0,0,0,0,0,0
"65",66,1e+05,0,1e+05,0,1e+05,0,1e+05,0,1e+05,0,1e+05,0,1e+05,0,0,0,0,0,0,0,0,0,0,0,0,0,1e+05,0,1e+05,0,1e+05,0,1e+05,0,1e+05,0,1e+05,0,1e+05,0,0,0,0,0,0,0,0,0,0,0,0,0
"66",67,1e+05,0,1e+05,0,1e+05,0,1e+05,0,1e+05,0,1e+05,0,1e+05,0,0,0,0,0,0,0,0,0,0,0,0,0,1e+05,0,1e+05,0,1e+05,0,1e+05,0,1e+05,0,1e+05,0,1e+05,0,0,0,0,0,0,0,0,0,0,0,0,0
"67",68,1e+05,0,1e+05,0,1e+05,0,1e+05,0,1e+05,0,1e+05,0,1e+05,0,0,0,0,0,0,0,0,0,0,0,0,0,1e+05,0,1e+05,0,1e+05,0,1e+05,0,1e+05,0,1e+05,0,1e+05,0,0,0,0,0,0,0,0,0,0,0,0,0
"68",69,1e+05,0,1e+05,0,1e+05,0,1e+05,0,1e+05,0,1e+05,0,1e+05,0,0,0,0,0,0,0,0,0,0,0,0,0,1e+05,0,1e+05,0,1e+05,0,1e+05,0,1e+05,0,1e+05,0,1e+05,0,0,0,0,0,0,0,0,0,0,0,0,0
"69",70,1e+05,0,1e+05,0,1e+05,0,1e+05,0,1e+05,0,1e+05,0,1e+05,0,0,0,0,0,0,0,0,0,0,0,0,0,1e+05,0,1e+05,0,1e+05,0,1e+05,0,1e+05,0,1e+05,0,1e+05,0,0,0,0,0,0,0,0,0,0,0,0,0
"70",71,1e+05,0,1e+05,0,1e+05,0,1e+05,0,1e+05,0,1e+05,0,1e+05,0,0,0,0,0,0,0,0,0,0,0,0,0,1e+05,0,1e+05,0,1e+05,0,1e+05,0,1e+05,0,1e+05,0,1e+05,0,0,0,0,0,0,0,0,0,0,0,0,0
"71",72,1e+05,0,1e+05,0,1e+05,0,1e+05,0,1e+05,0,1e+05,0,1e+05,0,0,0,0,0,0,0,0,0,0,0,0,0,1e+05,0,1e+05,0,1e+05,0,1e+05,0,1e+05,0,1e+05,0,1e+05,0,0,0,0,0,0,0,0,0,0,0,0,0
"72",73,1e+05,0,1e+05,0,1e+05,0,1e+05,0,1e+05,0,1e+05,0,1e+05,0,0,0,0,0,0,0,0,0,0,0,0,0,1e+05,0,1e+05,0,1e+05,0,1e+05,0,1e+05,0,1e+05,0,1e+05,0,0,0,0,0,0,0,0,0,0,0,0,0
"73",74,1e+05,0,1e+05,0,1e+05,0,1e+05,0,1e+05,0,1e+05,0,1e+05,0,0,0,0,0,0,0,0,0,0,0,0,0,1e+05,0,1e+05,0,1e+05,0,1e+05,0,1e+05,0,1e+05,0,1e+05,0,0,0,0,0,0,0,0,0,0,0,0,0
"74",75,1e+05,0,1e+05,0,1e+05,0,1e+05,0,1e+05,0,1e+05,0,1e+05,0,0,0,0,0,0,0,0,0,0,0,0,0,1e+05,0,1e+05,0,1e+05,0,1e+05,0,1e+05,0,1e+05,0,1e+05,0,0,0,0,0,0,0,0,0,0,0,0,0
"75",76,1e+05,0,1e+05,0,1e+05,0,1e+05,0,1e+05,0,1e+05,0,1e+05,0,0,0,0,0,0,0,0,0,0,0,0,0,1e+05,0,1e+05,0,1e+05,0,1e+05,0,1e+05,0,1e+05,0,1e+05,0,0,0,0,0,0,0,0,0,0,0,0,0
"76",77,1e+05,0,1e+05,0,1e+05,0,1e+05,0,1e+05,0,1e+05,0,1e+05,0,0,0,0,0,0,0,0,0,0,0,0,0,1e+05,0,1e+05,0,1e+05,0,1e+05,0,1e+05,0,1e+05,0,1e+05,0,0,0,0,0,0,0,0,0,0,0,0,0
"77",78,1e+05,0,1e+05,0,1e+05,0,1e+05,0,1e+05,0,1e+05,0,1e+05,0,0,0,0,0,0,0,0,0,0,0,0,0,1e+05,0,1e+05,0,1e+05,0,1e+05,0,1e+05,0,1e+05,0,1e+05,0,0,0,0,0,0,0,0,0,0,0,0,0
"78",79,1e+05,0,1e+05,0,1e+05,0,1e+05,0,1e+05,0,1e+05,0,1e+05,0,0,0,0,0,0,0,0,0,0,0,0,0,1e+05,0,1e+05,0,1e+05,0,1e+05,0,1e+05,0,1e+05,0,1e+05,0,0,0,0,0,0,0,0,0,0,0,0,0
"79",80,1e+05,0,1e+05,0,1e+05,0,1e+05,0,1e+05,0,1e+05,0,1e+05,0,0,0,0,0,0,0,0,0,0,0,0,0,1e+05,0,1e+05,0,1e+05,0,1e+05,0,1e+05,0,1e+05,0,1e+05,0,0,0,0,0,0,0,0,0,0,0,0,0
"80",81,1e+05,0,1e+05,0,1e+05,0,1e+05,0,1e+05,0,1e+05,0,1e+05,0,0,0,0,0,0,0,0,0,0,0,0,0,1e+05,0,1e+05,0,1e+05,0,1e+05,0,1e+05,0,1e+05,0,1e+05,0,0,0,0,0,0,0,0,0,0,0,0,0
"81",82,1e+05,0,1e+05,0,1e+05,0,1e+05,0,1e+05,0,1e+05,0,1e+05,0,0,0,0,0,0,0,0,0,0,0,0,0,1e+05,0,1e+05,0,1e+05,0,1e+05,0,1e+05,0,1e+05,0,1e+05,0,0,0,0,0,0,0,0,0,0,0,0,0
"82",83,1e+05,0,1e+05,0,1e+05,0,1e+05,0,1e+05,0,1e+05,0,1e+05,0,0,0,0,0,0,0,0,0,0,0,0,0,1e+05,0,1e+05,0,1e+05,0,1e+05,0,1e+05,0,1e+05,0,1e+05,0,0,0,0,0,0,0,0,0,0,0,0,0
"83",84,1e+05,0,1e+05,0,1e+05,0,1e+05,0,1e+05,0,1e+05,0,1e+05,0,0,0,0,0,0,0,0,0,0,0,0,0,1e+05,0,1e+05,0,1e+05,0,1e+05,0,1e+05,0,1e+05,0,1e+05,0,0,0,0,0,0,0,0,0,0,0,0,0
"84",85,1e+05,0,1e+05,0,1e+05,0,1e+05,0,1e+05,0,1e+05,0,1e+05,0,0,0,0,0,0,0,0,0,0,0,0,0,1e+05,0,1e+05,0,1e+05,0,1e+05,0,1e+05,0,1e+05,0,1e+05,0,0,0,0,0,0,0,0,0,0,0,0,0
"85",86,1e+05,0,1e+05,0,1e+05,0,1e+05,0,1e+05,0,1e+05,0,1e+05,0,0,0,0,0,0,0,0,0,0,0,0,0,1e+05,0,1e+05,0,1e+05,0,1e+05,0,1e+05,0,1e+05,0,1e+05,0,0,0,0,0,0,0,0,0,0,0,0,0
"86",87,1e+05,0,1e+05,0,1e+05,0,1e+05,0,1e+05,0,1e+05,0,1e+05,0,0,0,0,0,0,0,0,0,0,0,0,0,1e+05,0,1e+05,0,1e+05,0,1e+05,0,1e+05,0,1e+05,0,1e+05,0,0,0,0,0,0,0,0,0,0,0,0,0
"87",88,1e+05,0,1e+05,0,1e+05,0,1e+05,0,1e+05,0,1e+05,0,1e+05,0,0,0,0,0,0,0,0,0,0,0,0,0,1e+05,0,1e+05,0,1e+05,0,1e+05,0,1e+05,0,1e+05,0,1e+05,0,0,0,0,0,0,0,0,0,0,0,0,0
"88",89,1e+05,0,1e+05,0,1e+05,0,1e+05,0,1e+05,0,1e+05,0,1e+05,0,0,0,0,0,0,0,0,0,0,0,0,0,1e+05,0,1e+05,0,1e+05,0,1e+05,0,1e+05,0,1e+05,0,1e+05,0,0,0,0,0,0,0,0,0,0,0,0,0
"89",90,1e+05,0,1e+05,0,1e+05,0,1e+05,0,1e+05,0,1e+05,0,1e+05,0,0,0,0,0,0,0,0,0,0,0,0,0,1e+05,0,1e+05,0,1e+05,0,1e+05,0,1e+05,0,1e+05,0,1e+05,0,0,0,0,0,0,0,0,0,0,0,0,0
"90",91,1e+05,0,1e+05,0,1e+05,0,1e+05,0,1e+05,0,1e+05,0,1e+05,0,0,0,0,0,0,0,0,0,0,0,0,0,1e+05,0,1e+05,0,1e+05,0,1e+05,0,1e+05,0,1e+05,0,1e+05,0,0,0,0,0,0,0,0,0,0,0,0,0
"91",92,1e+05,0,1e+05,0,1e+05,0,1e+05,0,1e+05,0,1e+05,0,1e+05,0,0,0,0,0,0,0,0,0,0,0,0,0,1e+05,0,1e+05,0,1e+05,0,1e+05,0,1e+05,0,1e+05,0,1e+05,0,0,0,0,0,0,0,0,0,0,0,0,0
"92",93,1e+05,0,1e+05,0,1e+05,0,1e+05,0,1e+05,0,1e+05,0,1e+05,0,0,0,0,0,0,0,0,0,0,0,0,0,1e+05,0,1e+05,0,1e+05,0,1e+05,0,1e+05,0,1e+05,0,1e+05,0,0,0,0,0,0,0,0,0,0,0,0,0
"93",94,1e+05,0,1e+05,0,1e+05,0,1e+05,0,1e+05,0,1e+05,0,1e+05,0,0,0,0,0,0,0,0,0,0,0,0,0,1e+05,0,1e+05,0,1e+05,0,1e+05,0,1e+05,0,1e+05,0,1e+05,0,0,0,0,0,0,0,0,0,0,0,0,0
"94",95,1e+05,0,1e+05,0,1e+05,0,1e+05,0,1e+05,0,1e+05,0,1e+05,0,0,0,0,0,0,0,0,0,0,0,0,0,1e+05,0,1e+05,0,1e+05,0,1e+05,0,1e+05,0,1e+05,0,1e+05,0,0,0,0,0,0,0,0,0,0,0,0,0
"95",96,1e+05,0,1e+05,0,1e+05,0,1e+05,0,1e+05,0,1e+05,0,1e+05,0,0,0,0,0,0,0,0,0,0,0,0,0,1e+05,0,1e+05,0,1e+05,0,1e+05,0,1e+05,0,1e+05,0,1e+05,0,0,0,0,0,0,0,0,0,0,0,0,0
"96",97,1e+05,0,1e+05,0,1e+05,0,1e+05,0,1e+05,0,1e+05,0,1e+05,0,0,0,0,0,0,0,0,0,0,0,0,0,1e+05,0,1e+05,0,1e+05,0,1e+05,0,1e+05,0,1e+05,0,1e+05,0,0,0,0,0,0,0,0,0,0,0,0,0
"97",98,1e+05,0,1e+05,0,1e+05,0,1e+05,0,1e+05,0,1e+05,0,1e+05,0,0,0,0,0,0,0,0,0,0,0,0,0,1e+05,0,1e+05,0,1e+05,0,1e+05,0,1e+05,0,1e+05,0,1e+05,0,0,0,0,0,0,0,0,0,0,0,0,0
"98",99,1e+05,0,1e+05,0,1e+05,0,1e+05,0,1e+05,0,1e+05,0,1e+05,0,0,0,0,0,0,0,0,0,0,0,0,0,1e+05,0,1e+05,0,1e+05,0,1e+05,0,1e+05,0,1e+05,0,1e+05,0,0,0,0,0,0,0,0,0,0,0,0,0
"99",100,1e+05,0,1e+05,0,1e+05,0,1e+05,0,1e+05,0,1e+05,0,1e+05,0,0,0,0,0,0,0,0,0,0,0,0,0,1e+05,0,1e+05,0,1e+05,0,1e+05,0,1e+05,0,1e+05,0,1e+05,0,0,0,0,0,0,0,0,0,0,0,0,0
